{
  "path": "mod_actuallyadditions/flax_plant_2.json",
  "enabled": true,
  "id": "actuallyadditions:flax_plant_2",
  "plant_name": "Flax",
  "seed_name": "Flax Seeds",
  "seed_items": [
    {
      "item": "actuallyadditions:item_flax_seed",
      "meta": 0,
      "tags": "",
      "ignoreMeta": false,
      "ignoreTags": [
        "*"
      ],
      "useOreDict": false
    }
  ],
  "description": {
    "translations": {},
    "default": "The source of Linseed oil, as that makes total sense."
  },
  "growth_chance": 1.0,
  "growth_bonus": 0.025,
  "bonemeal": true,
  "tier": 1,
  "weedable": false,
  "aggressive": false,
  "spread_chance": 0.1,
  "spawn_chance": 0.0,
  "grass_drop_chance": 0.0,
  "seed_drop_chance": 1.0,
  "seed_drop_bonus": 0.0,
  "products": {
    "products": [
      {
        "min": 1,
        "max": 3,
        "chance": 0.95,
        "required": true,
        "item": "minecraft:string",
        "meta": 0,
        "tags": "",
        "ignoreMeta": false,
        "ignoreTags": [],
        "useOreDict": false
      }
    ]
  },
  "requirement": {
    "min_light": 10,
    "max_light": 16,
    "soils": [
      "farmland_soil"
    ],
    "conditions": []
  },
  "texture": {
    "render_type": "cross",
    "seed_texture": "actuallyadditions:items/item_flax_seed",
    "plant_textures": [
      "actuallyadditions:blocks/block_flax_stage_1",
      "actuallyadditions:blocks/block_flax_stage_2",
      "actuallyadditions:blocks/block_flax_stage_2",
      "actuallyadditions:blocks/block_flax_stage_3",
      "actuallyadditions:blocks/block_flax_stage_4",
      "actuallyadditions:blocks/block_flax_stage_4",
      "actuallyadditions:blocks/block_flax_stage_5",
      "actuallyadditions:blocks/block_flax_stage_6"
    ]
  }
}
