{
  "__comment": "Instructions: https://blakesmods.com/docs/cucumber/tags-config",
  "forge:ingots/titanium": "null",
  "forge:dusts/saltpeter": "null",
  "forge:dusts/niter": "thermal:niter_dust",
  "forge:ingots/graphite": "bigreactors:graphite_ingot",
  "forge:ingots/mithril": "null",
  "forge:gems/apatite": "thermal:apatite",
  "forge:silicon": "refinedstorage:silicon",
  "forge:ingots/chrome": "null",
  "forge:rubber": "industrialforegoing:dryrubber",
  "forge:ingots/lumium": "thermal:lumium_ingot",
  "forge:ingots/steel": "mekanism:ingot_steel",
  "forge:ingots/lead": "thermal:lead_ingot",
  "forge:ingots/zinc": "create:zinc_ingot",
  "forge:gems/ruby": "thermal:ruby",
  "forge:ingots/enderium": "thermal:enderium_ingot",
  "forge:dusts/sulfur": "thermal:sulfur_dust",
  "forge:gems/peridot": "null",
  "forge:ingots/nickel": "thermal:nickel_ingot",
  "forge:ingots/constantan": "thermal:constantan_ingot",
  "forge:ingots/tin": "thermal:tin_ingot",
  "forge:gems/sapphire": "thermal:sapphire",
  "forge:ingots/bronze": "silentgear:bronze_ingot",
  "forge:ingots/electrum": "createaddition:electrum_ingot",
  "forge:ingots/silver": "thermal:silver_ingot",
  "forge:ingots/platinum": "null",
  "forge:ingots/uranium": "biggerreactors:uranium_ingot",
  "forge:ingots/aluminum": "null",
  "forge:ingots/signalum": "thermal:signalum_ingot",
  "forge:ingots/brass": "create:brass_ingot",
  "forge:ingots/tungsten": "null",
  "forge:ingots/iridium": "null",
  "forge:ingots/invar": "thermal:invar_ingot"
}